auto_name,param,required,default_kind,default_scalar,default_obj_id,kind
AutoAutoformer,alias,False,scalar,,,POSITIONAL_OR_KEYWORD
AutoAutoformer,backend,False,scalar,ray,,POSITIONAL_OR_KEYWORD
AutoAutoformer,callbacks,False,scalar,,,POSITIONAL_OR_KEYWORD
AutoAutoformer,config,False,scalar,,,POSITIONAL_OR_KEYWORD
AutoAutoformer,cpus,False,scalar,32,,POSITIONAL_OR_KEYWORD
AutoAutoformer,gpus,False,scalar,1,,POSITIONAL_OR_KEYWORD
AutoAutoformer,h,True,empty,,,POSITIONAL_OR_KEYWORD
AutoAutoformer,loss,False,object,,8457c3e30e7f,POSITIONAL_OR_KEYWORD
AutoAutoformer,num_samples,False,scalar,10,,POSITIONAL_OR_KEYWORD
AutoAutoformer,refit_with_val,False,scalar,False,,POSITIONAL_OR_KEYWORD
AutoAutoformer,search_alg,False,object,,533e6ebe1215,POSITIONAL_OR_KEYWORD
AutoAutoformer,valid_loss,False,scalar,,,POSITIONAL_OR_KEYWORD
AutoAutoformer,verbose,False,scalar,False,,POSITIONAL_OR_KEYWORD
AutoBiTCN,alias,False,scalar,,,POSITIONAL_OR_KEYWORD
AutoBiTCN,backend,False,scalar,ray,,POSITIONAL_OR_KEYWORD
AutoBiTCN,callbacks,False,scalar,,,POSITIONAL_OR_KEYWORD
AutoBiTCN,config,False,scalar,,,POSITIONAL_OR_KEYWORD
AutoBiTCN,cpus,False,scalar,32,,POSITIONAL_OR_KEYWORD
AutoBiTCN,gpus,False,scalar,1,,POSITIONAL_OR_KEYWORD
AutoBiTCN,h,True,empty,,,POSITIONAL_OR_KEYWORD
AutoBiTCN,loss,False,object,,8457c3e30e7f,POSITIONAL_OR_KEYWORD
AutoBiTCN,num_samples,False,scalar,10,,POSITIONAL_OR_KEYWORD
AutoBiTCN,refit_with_val,False,scalar,False,,POSITIONAL_OR_KEYWORD
AutoBiTCN,search_alg,False,object,,533e6ebe1215,POSITIONAL_OR_KEYWORD
AutoBiTCN,valid_loss,False,scalar,,,POSITIONAL_OR_KEYWORD
AutoBiTCN,verbose,False,scalar,False,,POSITIONAL_OR_KEYWORD
AutoDLinear,alias,False,scalar,,,POSITIONAL_OR_KEYWORD
AutoDLinear,backend,False,scalar,ray,,POSITIONAL_OR_KEYWORD
AutoDLinear,callbacks,False,scalar,,,POSITIONAL_OR_KEYWORD
AutoDLinear,config,False,scalar,,,POSITIONAL_OR_KEYWORD
AutoDLinear,cpus,False,scalar,32,,POSITIONAL_OR_KEYWORD
AutoDLinear,gpus,False,scalar,1,,POSITIONAL_OR_KEYWORD
AutoDLinear,h,True,empty,,,POSITIONAL_OR_KEYWORD
AutoDLinear,loss,False,object,,8457c3e30e7f,POSITIONAL_OR_KEYWORD
AutoDLinear,num_samples,False,scalar,10,,POSITIONAL_OR_KEYWORD
AutoDLinear,refit_with_val,False,scalar,False,,POSITIONAL_OR_KEYWORD
AutoDLinear,search_alg,False,object,,533e6ebe1215,POSITIONAL_OR_KEYWORD
AutoDLinear,valid_loss,False,scalar,,,POSITIONAL_OR_KEYWORD
AutoDLinear,verbose,False,scalar,False,,POSITIONAL_OR_KEYWORD
AutoDeepAR,alias,False,scalar,,,POSITIONAL_OR_KEYWORD
AutoDeepAR,backend,False,scalar,ray,,POSITIONAL_OR_KEYWORD
AutoDeepAR,callbacks,False,scalar,,,POSITIONAL_OR_KEYWORD
AutoDeepAR,config,False,scalar,,,POSITIONAL_OR_KEYWORD
AutoDeepAR,cpus,False,scalar,32,,POSITIONAL_OR_KEYWORD
AutoDeepAR,gpus,False,scalar,1,,POSITIONAL_OR_KEYWORD
AutoDeepAR,h,True,empty,,,POSITIONAL_OR_KEYWORD
AutoDeepAR,loss,False,object,,26970ddc13d8,POSITIONAL_OR_KEYWORD
AutoDeepAR,num_samples,False,scalar,10,,POSITIONAL_OR_KEYWORD
AutoDeepAR,refit_with_val,False,scalar,False,,POSITIONAL_OR_KEYWORD
AutoDeepAR,search_alg,False,object,,533e6ebe1215,POSITIONAL_OR_KEYWORD
AutoDeepAR,valid_loss,False,object,,537e228ff632,POSITIONAL_OR_KEYWORD
AutoDeepAR,verbose,False,scalar,False,,POSITIONAL_OR_KEYWORD
AutoDeepNPTS,alias,False,scalar,,,POSITIONAL_OR_KEYWORD
AutoDeepNPTS,backend,False,scalar,ray,,POSITIONAL_OR_KEYWORD
AutoDeepNPTS,callbacks,False,scalar,,,POSITIONAL_OR_KEYWORD
AutoDeepNPTS,config,False,scalar,,,POSITIONAL_OR_KEYWORD
AutoDeepNPTS,cpus,False,scalar,32,,POSITIONAL_OR_KEYWORD
AutoDeepNPTS,gpus,False,scalar,1,,POSITIONAL_OR_KEYWORD
AutoDeepNPTS,h,True,empty,,,POSITIONAL_OR_KEYWORD
AutoDeepNPTS,loss,False,object,,8457c3e30e7f,POSITIONAL_OR_KEYWORD
AutoDeepNPTS,num_samples,False,scalar,10,,POSITIONAL_OR_KEYWORD
AutoDeepNPTS,refit_with_val,False,scalar,False,,POSITIONAL_OR_KEYWORD
AutoDeepNPTS,search_alg,False,object,,533e6ebe1215,POSITIONAL_OR_KEYWORD
AutoDeepNPTS,valid_loss,False,scalar,,,POSITIONAL_OR_KEYWORD
AutoDeepNPTS,verbose,False,scalar,False,,POSITIONAL_OR_KEYWORD
AutoDilatedRNN,alias,False,scalar,,,POSITIONAL_OR_KEYWORD
AutoDilatedRNN,backend,False,scalar,ray,,POSITIONAL_OR_KEYWORD
AutoDilatedRNN,callbacks,False,scalar,,,POSITIONAL_OR_KEYWORD
AutoDilatedRNN,config,False,scalar,,,POSITIONAL_OR_KEYWORD
AutoDilatedRNN,cpus,False,scalar,32,,POSITIONAL_OR_KEYWORD
AutoDilatedRNN,gpus,False,scalar,1,,POSITIONAL_OR_KEYWORD
AutoDilatedRNN,h,True,empty,,,POSITIONAL_OR_KEYWORD
AutoDilatedRNN,loss,False,object,,8457c3e30e7f,POSITIONAL_OR_KEYWORD
AutoDilatedRNN,num_samples,False,scalar,10,,POSITIONAL_OR_KEYWORD
AutoDilatedRNN,refit_with_val,False,scalar,False,,POSITIONAL_OR_KEYWORD
AutoDilatedRNN,search_alg,False,object,,533e6ebe1215,POSITIONAL_OR_KEYWORD
AutoDilatedRNN,valid_loss,False,scalar,,,POSITIONAL_OR_KEYWORD
AutoDilatedRNN,verbose,False,scalar,False,,POSITIONAL_OR_KEYWORD
AutoFEDformer,alias,False,scalar,,,POSITIONAL_OR_KEYWORD
AutoFEDformer,backend,False,scalar,ray,,POSITIONAL_OR_KEYWORD
AutoFEDformer,callbacks,False,scalar,,,POSITIONAL_OR_KEYWORD
AutoFEDformer,config,False,scalar,,,POSITIONAL_OR_KEYWORD
AutoFEDformer,cpus,False,scalar,32,,POSITIONAL_OR_KEYWORD
AutoFEDformer,gpus,False,scalar,1,,POSITIONAL_OR_KEYWORD
AutoFEDformer,h,True,empty,,,POSITIONAL_OR_KEYWORD
AutoFEDformer,loss,False,object,,8457c3e30e7f,POSITIONAL_OR_KEYWORD
AutoFEDformer,num_samples,False,scalar,10,,POSITIONAL_OR_KEYWORD
AutoFEDformer,refit_with_val,False,scalar,False,,POSITIONAL_OR_KEYWORD
AutoFEDformer,search_alg,False,object,,533e6ebe1215,POSITIONAL_OR_KEYWORD
AutoFEDformer,valid_loss,False,scalar,,,POSITIONAL_OR_KEYWORD
AutoFEDformer,verbose,False,scalar,False,,POSITIONAL_OR_KEYWORD
AutoGRU,alias,False,scalar,,,POSITIONAL_OR_KEYWORD
AutoGRU,backend,False,scalar,ray,,POSITIONAL_OR_KEYWORD
AutoGRU,callbacks,False,scalar,,,POSITIONAL_OR_KEYWORD
AutoGRU,config,False,scalar,,,POSITIONAL_OR_KEYWORD
AutoGRU,cpus,False,scalar,32,,POSITIONAL_OR_KEYWORD
AutoGRU,gpus,False,scalar,1,,POSITIONAL_OR_KEYWORD
AutoGRU,h,True,empty,,,POSITIONAL_OR_KEYWORD
AutoGRU,loss,False,object,,8457c3e30e7f,POSITIONAL_OR_KEYWORD
AutoGRU,num_samples,False,scalar,10,,POSITIONAL_OR_KEYWORD
AutoGRU,refit_with_val,False,scalar,False,,POSITIONAL_OR_KEYWORD
AutoGRU,search_alg,False,object,,533e6ebe1215,POSITIONAL_OR_KEYWORD
AutoGRU,valid_loss,False,scalar,,,POSITIONAL_OR_KEYWORD
AutoGRU,verbose,False,scalar,False,,POSITIONAL_OR_KEYWORD
AutoHINT,S,True,empty,,,POSITIONAL_OR_KEYWORD
AutoHINT,alias,False,scalar,,,POSITIONAL_OR_KEYWORD
AutoHINT,backend,False,scalar,ray,,POSITIONAL_OR_KEYWORD
AutoHINT,callbacks,False,scalar,,,POSITIONAL_OR_KEYWORD
AutoHINT,cls_model,True,empty,,,POSITIONAL_OR_KEYWORD
AutoHINT,config,True,empty,,,POSITIONAL_OR_KEYWORD
AutoHINT,cpus,False,scalar,32,,POSITIONAL_OR_KEYWORD
AutoHINT,gpus,False,scalar,1,,POSITIONAL_OR_KEYWORD
AutoHINT,h,True,empty,,,POSITIONAL_OR_KEYWORD
AutoHINT,loss,True,empty,,,POSITIONAL_OR_KEYWORD
AutoHINT,num_samples,False,scalar,10,,POSITIONAL_OR_KEYWORD
AutoHINT,refit_with_val,False,scalar,False,,POSITIONAL_OR_KEYWORD
AutoHINT,search_alg,False,object,,533e6ebe1215,POSITIONAL_OR_KEYWORD
AutoHINT,valid_loss,True,empty,,,POSITIONAL_OR_KEYWORD
AutoHINT,verbose,False,scalar,False,,POSITIONAL_OR_KEYWORD
AutoInformer,alias,False,scalar,,,POSITIONAL_OR_KEYWORD
AutoInformer,backend,False,scalar,ray,,POSITIONAL_OR_KEYWORD
AutoInformer,callbacks,False,scalar,,,POSITIONAL_OR_KEYWORD
AutoInformer,config,False,scalar,,,POSITIONAL_OR_KEYWORD
AutoInformer,cpus,False,scalar,32,,POSITIONAL_OR_KEYWORD
AutoInformer,gpus,False,scalar,1,,POSITIONAL_OR_KEYWORD
AutoInformer,h,True,empty,,,POSITIONAL_OR_KEYWORD
AutoInformer,loss,False,object,,8457c3e30e7f,POSITIONAL_OR_KEYWORD
AutoInformer,num_samples,False,scalar,10,,POSITIONAL_OR_KEYWORD
AutoInformer,refit_with_val,False,scalar,False,,POSITIONAL_OR_KEYWORD
AutoInformer,search_alg,False,object,,533e6ebe1215,POSITIONAL_OR_KEYWORD
AutoInformer,valid_loss,False,scalar,,,POSITIONAL_OR_KEYWORD
AutoInformer,verbose,False,scalar,False,,POSITIONAL_OR_KEYWORD
AutoKAN,alias,False,scalar,,,POSITIONAL_OR_KEYWORD
AutoKAN,backend,False,scalar,ray,,POSITIONAL_OR_KEYWORD
AutoKAN,callbacks,False,scalar,,,POSITIONAL_OR_KEYWORD
AutoKAN,config,False,scalar,,,POSITIONAL_OR_KEYWORD
AutoKAN,cpus,False,scalar,32,,POSITIONAL_OR_KEYWORD
AutoKAN,gpus,False,scalar,1,,POSITIONAL_OR_KEYWORD
AutoKAN,h,True,empty,,,POSITIONAL_OR_KEYWORD
AutoKAN,loss,False,object,,8457c3e30e7f,POSITIONAL_OR_KEYWORD
AutoKAN,num_samples,False,scalar,10,,POSITIONAL_OR_KEYWORD
AutoKAN,refit_with_val,False,scalar,False,,POSITIONAL_OR_KEYWORD
AutoKAN,search_alg,False,object,,533e6ebe1215,POSITIONAL_OR_KEYWORD
AutoKAN,valid_loss,False,scalar,,,POSITIONAL_OR_KEYWORD
AutoKAN,verbose,False,scalar,False,,POSITIONAL_OR_KEYWORD
AutoLSTM,alias,False,scalar,,,POSITIONAL_OR_KEYWORD
AutoLSTM,backend,False,scalar,ray,,POSITIONAL_OR_KEYWORD
AutoLSTM,callbacks,False,scalar,,,POSITIONAL_OR_KEYWORD
AutoLSTM,config,False,scalar,,,POSITIONAL_OR_KEYWORD
AutoLSTM,cpus,False,scalar,32,,POSITIONAL_OR_KEYWORD
AutoLSTM,gpus,False,scalar,1,,POSITIONAL_OR_KEYWORD
AutoLSTM,h,True,empty,,,POSITIONAL_OR_KEYWORD
AutoLSTM,loss,False,object,,8457c3e30e7f,POSITIONAL_OR_KEYWORD
AutoLSTM,num_samples,False,scalar,10,,POSITIONAL_OR_KEYWORD
AutoLSTM,refit_with_val,False,scalar,False,,POSITIONAL_OR_KEYWORD
AutoLSTM,search_alg,False,object,,533e6ebe1215,POSITIONAL_OR_KEYWORD
AutoLSTM,valid_loss,False,scalar,,,POSITIONAL_OR_KEYWORD
AutoLSTM,verbose,False,scalar,False,,POSITIONAL_OR_KEYWORD
AutoMLP,alias,False,scalar,,,POSITIONAL_OR_KEYWORD
AutoMLP,backend,False,scalar,ray,,POSITIONAL_OR_KEYWORD
AutoMLP,callbacks,False,scalar,,,POSITIONAL_OR_KEYWORD
AutoMLP,config,False,scalar,,,POSITIONAL_OR_KEYWORD
AutoMLP,cpus,False,scalar,32,,POSITIONAL_OR_KEYWORD
AutoMLP,gpus,False,scalar,1,,POSITIONAL_OR_KEYWORD
AutoMLP,h,True,empty,,,POSITIONAL_OR_KEYWORD
AutoMLP,loss,False,object,,8457c3e30e7f,POSITIONAL_OR_KEYWORD
AutoMLP,num_samples,False,scalar,10,,POSITIONAL_OR_KEYWORD
AutoMLP,refit_with_val,False,scalar,False,,POSITIONAL_OR_KEYWORD
AutoMLP,search_alg,False,object,,533e6ebe1215,POSITIONAL_OR_KEYWORD
AutoMLP,valid_loss,False,scalar,,,POSITIONAL_OR_KEYWORD
AutoMLP,verbose,False,scalar,False,,POSITIONAL_OR_KEYWORD
AutoMLPMultivariate,alias,False,scalar,,,POSITIONAL_OR_KEYWORD
AutoMLPMultivariate,backend,False,scalar,ray,,POSITIONAL_OR_KEYWORD
AutoMLPMultivariate,callbacks,False,scalar,,,POSITIONAL_OR_KEYWORD
AutoMLPMultivariate,config,False,scalar,,,POSITIONAL_OR_KEYWORD
AutoMLPMultivariate,cpus,False,scalar,32,,POSITIONAL_OR_KEYWORD
AutoMLPMultivariate,gpus,False,scalar,1,,POSITIONAL_OR_KEYWORD
AutoMLPMultivariate,h,True,empty,,,POSITIONAL_OR_KEYWORD
AutoMLPMultivariate,loss,False,object,,8457c3e30e7f,POSITIONAL_OR_KEYWORD
AutoMLPMultivariate,n_series,True,empty,,,POSITIONAL_OR_KEYWORD
AutoMLPMultivariate,num_samples,False,scalar,10,,POSITIONAL_OR_KEYWORD
AutoMLPMultivariate,refit_with_val,False,scalar,False,,POSITIONAL_OR_KEYWORD
AutoMLPMultivariate,search_alg,False,object,,533e6ebe1215,POSITIONAL_OR_KEYWORD
AutoMLPMultivariate,valid_loss,False,scalar,,,POSITIONAL_OR_KEYWORD
AutoMLPMultivariate,verbose,False,scalar,False,,POSITIONAL_OR_KEYWORD
AutoNBEATS,alias,False,scalar,,,POSITIONAL_OR_KEYWORD
AutoNBEATS,backend,False,scalar,ray,,POSITIONAL_OR_KEYWORD
AutoNBEATS,callbacks,False,scalar,,,POSITIONAL_OR_KEYWORD
AutoNBEATS,config,False,scalar,,,POSITIONAL_OR_KEYWORD
AutoNBEATS,cpus,False,scalar,32,,POSITIONAL_OR_KEYWORD
AutoNBEATS,gpus,False,scalar,1,,POSITIONAL_OR_KEYWORD
AutoNBEATS,h,True,empty,,,POSITIONAL_OR_KEYWORD
AutoNBEATS,loss,False,object,,8457c3e30e7f,POSITIONAL_OR_KEYWORD
AutoNBEATS,num_samples,False,scalar,10,,POSITIONAL_OR_KEYWORD
AutoNBEATS,refit_with_val,False,scalar,False,,POSITIONAL_OR_KEYWORD
AutoNBEATS,search_alg,False,object,,533e6ebe1215,POSITIONAL_OR_KEYWORD
AutoNBEATS,valid_loss,False,scalar,,,POSITIONAL_OR_KEYWORD
AutoNBEATS,verbose,False,scalar,False,,POSITIONAL_OR_KEYWORD
AutoNBEATSx,alias,False,scalar,,,POSITIONAL_OR_KEYWORD
AutoNBEATSx,backend,False,scalar,ray,,POSITIONAL_OR_KEYWORD
AutoNBEATSx,callbacks,False,scalar,,,POSITIONAL_OR_KEYWORD
AutoNBEATSx,config,False,scalar,,,POSITIONAL_OR_KEYWORD
AutoNBEATSx,cpus,False,scalar,32,,POSITIONAL_OR_KEYWORD
AutoNBEATSx,gpus,False,scalar,1,,POSITIONAL_OR_KEYWORD
AutoNBEATSx,h,True,empty,,,POSITIONAL_OR_KEYWORD
AutoNBEATSx,loss,False,object,,8457c3e30e7f,POSITIONAL_OR_KEYWORD
AutoNBEATSx,num_samples,False,scalar,10,,POSITIONAL_OR_KEYWORD
AutoNBEATSx,refit_with_val,False,scalar,False,,POSITIONAL_OR_KEYWORD
AutoNBEATSx,search_alg,False,object,,533e6ebe1215,POSITIONAL_OR_KEYWORD
AutoNBEATSx,valid_loss,False,scalar,,,POSITIONAL_OR_KEYWORD
AutoNBEATSx,verbose,False,scalar,False,,POSITIONAL_OR_KEYWORD
AutoNHITS,alias,False,scalar,,,POSITIONAL_OR_KEYWORD
AutoNHITS,backend,False,scalar,ray,,POSITIONAL_OR_KEYWORD
AutoNHITS,callbacks,False,scalar,,,POSITIONAL_OR_KEYWORD
AutoNHITS,config,False,scalar,,,POSITIONAL_OR_KEYWORD
AutoNHITS,cpus,False,scalar,32,,POSITIONAL_OR_KEYWORD
AutoNHITS,gpus,False,scalar,1,,POSITIONAL_OR_KEYWORD
AutoNHITS,h,True,empty,,,POSITIONAL_OR_KEYWORD
AutoNHITS,loss,False,object,,8457c3e30e7f,POSITIONAL_OR_KEYWORD
AutoNHITS,num_samples,False,scalar,10,,POSITIONAL_OR_KEYWORD
AutoNHITS,refit_with_val,False,scalar,False,,POSITIONAL_OR_KEYWORD
AutoNHITS,search_alg,False,object,,533e6ebe1215,POSITIONAL_OR_KEYWORD
AutoNHITS,valid_loss,False,scalar,,,POSITIONAL_OR_KEYWORD
AutoNHITS,verbose,False,scalar,False,,POSITIONAL_OR_KEYWORD
AutoNLinear,alias,False,scalar,,,POSITIONAL_OR_KEYWORD
AutoNLinear,backend,False,scalar,ray,,POSITIONAL_OR_KEYWORD
AutoNLinear,callbacks,False,scalar,,,POSITIONAL_OR_KEYWORD
AutoNLinear,config,False,scalar,,,POSITIONAL_OR_KEYWORD
AutoNLinear,cpus,False,scalar,32,,POSITIONAL_OR_KEYWORD
AutoNLinear,gpus,False,scalar,1,,POSITIONAL_OR_KEYWORD
AutoNLinear,h,True,empty,,,POSITIONAL_OR_KEYWORD
AutoNLinear,loss,False,object,,8457c3e30e7f,POSITIONAL_OR_KEYWORD
AutoNLinear,num_samples,False,scalar,10,,POSITIONAL_OR_KEYWORD
AutoNLinear,refit_with_val,False,scalar,False,,POSITIONAL_OR_KEYWORD
AutoNLinear,search_alg,False,object,,533e6ebe1215,POSITIONAL_OR_KEYWORD
AutoNLinear,valid_loss,False,scalar,,,POSITIONAL_OR_KEYWORD
AutoNLinear,verbose,False,scalar,False,,POSITIONAL_OR_KEYWORD
AutoPatchTST,alias,False,scalar,,,POSITIONAL_OR_KEYWORD
AutoPatchTST,backend,False,scalar,ray,,POSITIONAL_OR_KEYWORD
AutoPatchTST,callbacks,False,scalar,,,POSITIONAL_OR_KEYWORD
AutoPatchTST,config,False,scalar,,,POSITIONAL_OR_KEYWORD
AutoPatchTST,cpus,False,scalar,32,,POSITIONAL_OR_KEYWORD
AutoPatchTST,gpus,False,scalar,1,,POSITIONAL_OR_KEYWORD
AutoPatchTST,h,True,empty,,,POSITIONAL_OR_KEYWORD
AutoPatchTST,loss,False,object,,8457c3e30e7f,POSITIONAL_OR_KEYWORD
AutoPatchTST,num_samples,False,scalar,10,,POSITIONAL_OR_KEYWORD
AutoPatchTST,refit_with_val,False,scalar,False,,POSITIONAL_OR_KEYWORD
AutoPatchTST,search_alg,False,object,,533e6ebe1215,POSITIONAL_OR_KEYWORD
AutoPatchTST,valid_loss,False,scalar,,,POSITIONAL_OR_KEYWORD
AutoPatchTST,verbose,False,scalar,False,,POSITIONAL_OR_KEYWORD
AutoRMoK,alias,False,scalar,,,POSITIONAL_OR_KEYWORD
AutoRMoK,backend,False,scalar,ray,,POSITIONAL_OR_KEYWORD
AutoRMoK,callbacks,False,scalar,,,POSITIONAL_OR_KEYWORD
AutoRMoK,config,False,scalar,,,POSITIONAL_OR_KEYWORD
AutoRMoK,cpus,False,scalar,32,,POSITIONAL_OR_KEYWORD
AutoRMoK,gpus,False,scalar,1,,POSITIONAL_OR_KEYWORD
AutoRMoK,h,True,empty,,,POSITIONAL_OR_KEYWORD
AutoRMoK,loss,False,object,,8457c3e30e7f,POSITIONAL_OR_KEYWORD
AutoRMoK,n_series,True,empty,,,POSITIONAL_OR_KEYWORD
AutoRMoK,num_samples,False,scalar,10,,POSITIONAL_OR_KEYWORD
AutoRMoK,refit_with_val,False,scalar,False,,POSITIONAL_OR_KEYWORD
AutoRMoK,search_alg,False,object,,533e6ebe1215,POSITIONAL_OR_KEYWORD
AutoRMoK,valid_loss,False,scalar,,,POSITIONAL_OR_KEYWORD
AutoRMoK,verbose,False,scalar,False,,POSITIONAL_OR_KEYWORD
AutoRNN,alias,False,scalar,,,POSITIONAL_OR_KEYWORD
AutoRNN,backend,False,scalar,ray,,POSITIONAL_OR_KEYWORD
AutoRNN,callbacks,False,scalar,,,POSITIONAL_OR_KEYWORD
AutoRNN,config,False,scalar,,,POSITIONAL_OR_KEYWORD
AutoRNN,cpus,False,scalar,32,,POSITIONAL_OR_KEYWORD
AutoRNN,gpus,False,scalar,1,,POSITIONAL_OR_KEYWORD
AutoRNN,h,True,empty,,,POSITIONAL_OR_KEYWORD
AutoRNN,loss,False,object,,8457c3e30e7f,POSITIONAL_OR_KEYWORD
AutoRNN,num_samples,False,scalar,10,,POSITIONAL_OR_KEYWORD
AutoRNN,refit_with_val,False,scalar,False,,POSITIONAL_OR_KEYWORD
AutoRNN,search_alg,False,object,,533e6ebe1215,POSITIONAL_OR_KEYWORD
AutoRNN,valid_loss,False,scalar,,,POSITIONAL_OR_KEYWORD
AutoRNN,verbose,False,scalar,False,,POSITIONAL_OR_KEYWORD
AutoSOFTS,alias,False,scalar,,,POSITIONAL_OR_KEYWORD
AutoSOFTS,backend,False,scalar,ray,,POSITIONAL_OR_KEYWORD
AutoSOFTS,callbacks,False,scalar,,,POSITIONAL_OR_KEYWORD
AutoSOFTS,config,False,scalar,,,POSITIONAL_OR_KEYWORD
AutoSOFTS,cpus,False,scalar,32,,POSITIONAL_OR_KEYWORD
AutoSOFTS,gpus,False,scalar,1,,POSITIONAL_OR_KEYWORD
AutoSOFTS,h,True,empty,,,POSITIONAL_OR_KEYWORD
AutoSOFTS,loss,False,object,,8457c3e30e7f,POSITIONAL_OR_KEYWORD
AutoSOFTS,n_series,True,empty,,,POSITIONAL_OR_KEYWORD
AutoSOFTS,num_samples,False,scalar,10,,POSITIONAL_OR_KEYWORD
AutoSOFTS,refit_with_val,False,scalar,False,,POSITIONAL_OR_KEYWORD
AutoSOFTS,search_alg,False,object,,533e6ebe1215,POSITIONAL_OR_KEYWORD
AutoSOFTS,valid_loss,False,scalar,,,POSITIONAL_OR_KEYWORD
AutoSOFTS,verbose,False,scalar,False,,POSITIONAL_OR_KEYWORD
AutoStemGNN,alias,False,scalar,,,POSITIONAL_OR_KEYWORD
AutoStemGNN,backend,False,scalar,ray,,POSITIONAL_OR_KEYWORD
AutoStemGNN,callbacks,False,scalar,,,POSITIONAL_OR_KEYWORD
AutoStemGNN,config,False,scalar,,,POSITIONAL_OR_KEYWORD
AutoStemGNN,cpus,False,scalar,32,,POSITIONAL_OR_KEYWORD
AutoStemGNN,gpus,False,scalar,1,,POSITIONAL_OR_KEYWORD
AutoStemGNN,h,True,empty,,,POSITIONAL_OR_KEYWORD
AutoStemGNN,loss,False,object,,8457c3e30e7f,POSITIONAL_OR_KEYWORD
AutoStemGNN,n_series,True,empty,,,POSITIONAL_OR_KEYWORD
AutoStemGNN,num_samples,False,scalar,10,,POSITIONAL_OR_KEYWORD
AutoStemGNN,refit_with_val,False,scalar,False,,POSITIONAL_OR_KEYWORD
AutoStemGNN,search_alg,False,object,,533e6ebe1215,POSITIONAL_OR_KEYWORD
AutoStemGNN,valid_loss,False,scalar,,,POSITIONAL_OR_KEYWORD
AutoStemGNN,verbose,False,scalar,False,,POSITIONAL_OR_KEYWORD
AutoTCN,alias,False,scalar,,,POSITIONAL_OR_KEYWORD
AutoTCN,backend,False,scalar,ray,,POSITIONAL_OR_KEYWORD
AutoTCN,callbacks,False,scalar,,,POSITIONAL_OR_KEYWORD
AutoTCN,config,False,scalar,,,POSITIONAL_OR_KEYWORD
AutoTCN,cpus,False,scalar,32,,POSITIONAL_OR_KEYWORD
AutoTCN,gpus,False,scalar,1,,POSITIONAL_OR_KEYWORD
AutoTCN,h,True,empty,,,POSITIONAL_OR_KEYWORD
AutoTCN,loss,False,object,,8457c3e30e7f,POSITIONAL_OR_KEYWORD
AutoTCN,num_samples,False,scalar,10,,POSITIONAL_OR_KEYWORD
AutoTCN,refit_with_val,False,scalar,False,,POSITIONAL_OR_KEYWORD
AutoTCN,search_alg,False,object,,533e6ebe1215,POSITIONAL_OR_KEYWORD
AutoTCN,valid_loss,False,scalar,,,POSITIONAL_OR_KEYWORD
AutoTCN,verbose,False,scalar,False,,POSITIONAL_OR_KEYWORD
AutoTFT,alias,False,scalar,,,POSITIONAL_OR_KEYWORD
AutoTFT,backend,False,scalar,ray,,POSITIONAL_OR_KEYWORD
AutoTFT,callbacks,False,scalar,,,POSITIONAL_OR_KEYWORD
AutoTFT,config,False,scalar,,,POSITIONAL_OR_KEYWORD
AutoTFT,cpus,False,scalar,32,,POSITIONAL_OR_KEYWORD
AutoTFT,gpus,False,scalar,1,,POSITIONAL_OR_KEYWORD
AutoTFT,h,True,empty,,,POSITIONAL_OR_KEYWORD
AutoTFT,loss,False,object,,8457c3e30e7f,POSITIONAL_OR_KEYWORD
AutoTFT,num_samples,False,scalar,10,,POSITIONAL_OR_KEYWORD
AutoTFT,refit_with_val,False,scalar,False,,POSITIONAL_OR_KEYWORD
AutoTFT,search_alg,False,object,,533e6ebe1215,POSITIONAL_OR_KEYWORD
AutoTFT,valid_loss,False,scalar,,,POSITIONAL_OR_KEYWORD
AutoTFT,verbose,False,scalar,False,,POSITIONAL_OR_KEYWORD
AutoTSMixer,alias,False,scalar,,,POSITIONAL_OR_KEYWORD
AutoTSMixer,backend,False,scalar,ray,,POSITIONAL_OR_KEYWORD
AutoTSMixer,callbacks,False,scalar,,,POSITIONAL_OR_KEYWORD
AutoTSMixer,config,False,scalar,,,POSITIONAL_OR_KEYWORD
AutoTSMixer,cpus,False,scalar,32,,POSITIONAL_OR_KEYWORD
AutoTSMixer,gpus,False,scalar,1,,POSITIONAL_OR_KEYWORD
AutoTSMixer,h,True,empty,,,POSITIONAL_OR_KEYWORD
AutoTSMixer,loss,False,object,,8457c3e30e7f,POSITIONAL_OR_KEYWORD
AutoTSMixer,n_series,True,empty,,,POSITIONAL_OR_KEYWORD
AutoTSMixer,num_samples,False,scalar,10,,POSITIONAL_OR_KEYWORD
AutoTSMixer,refit_with_val,False,scalar,False,,POSITIONAL_OR_KEYWORD
AutoTSMixer,search_alg,False,object,,533e6ebe1215,POSITIONAL_OR_KEYWORD
AutoTSMixer,valid_loss,False,scalar,,,POSITIONAL_OR_KEYWORD
AutoTSMixer,verbose,False,scalar,False,,POSITIONAL_OR_KEYWORD
AutoTSMixerx,alias,False,scalar,,,POSITIONAL_OR_KEYWORD
AutoTSMixerx,backend,False,scalar,ray,,POSITIONAL_OR_KEYWORD
AutoTSMixerx,callbacks,False,scalar,,,POSITIONAL_OR_KEYWORD
AutoTSMixerx,config,False,scalar,,,POSITIONAL_OR_KEYWORD
AutoTSMixerx,cpus,False,scalar,32,,POSITIONAL_OR_KEYWORD
AutoTSMixerx,gpus,False,scalar,1,,POSITIONAL_OR_KEYWORD
AutoTSMixerx,h,True,empty,,,POSITIONAL_OR_KEYWORD
AutoTSMixerx,loss,False,object,,8457c3e30e7f,POSITIONAL_OR_KEYWORD
AutoTSMixerx,n_series,True,empty,,,POSITIONAL_OR_KEYWORD
AutoTSMixerx,num_samples,False,scalar,10,,POSITIONAL_OR_KEYWORD
AutoTSMixerx,refit_with_val,False,scalar,False,,POSITIONAL_OR_KEYWORD
AutoTSMixerx,search_alg,False,object,,533e6ebe1215,POSITIONAL_OR_KEYWORD
AutoTSMixerx,valid_loss,False,scalar,,,POSITIONAL_OR_KEYWORD
AutoTSMixerx,verbose,False,scalar,False,,POSITIONAL_OR_KEYWORD
AutoTiDE,alias,False,scalar,,,POSITIONAL_OR_KEYWORD
AutoTiDE,backend,False,scalar,ray,,POSITIONAL_OR_KEYWORD
AutoTiDE,callbacks,False,scalar,,,POSITIONAL_OR_KEYWORD
AutoTiDE,config,False,scalar,,,POSITIONAL_OR_KEYWORD
AutoTiDE,cpus,False,scalar,32,,POSITIONAL_OR_KEYWORD
AutoTiDE,gpus,False,scalar,1,,POSITIONAL_OR_KEYWORD
AutoTiDE,h,True,empty,,,POSITIONAL_OR_KEYWORD
AutoTiDE,loss,False,object,,8457c3e30e7f,POSITIONAL_OR_KEYWORD
AutoTiDE,num_samples,False,scalar,10,,POSITIONAL_OR_KEYWORD
AutoTiDE,refit_with_val,False,scalar,False,,POSITIONAL_OR_KEYWORD
AutoTiDE,search_alg,False,object,,533e6ebe1215,POSITIONAL_OR_KEYWORD
AutoTiDE,valid_loss,False,scalar,,,POSITIONAL_OR_KEYWORD
AutoTiDE,verbose,False,scalar,False,,POSITIONAL_OR_KEYWORD
AutoTimeMixer,alias,False,scalar,,,POSITIONAL_OR_KEYWORD
AutoTimeMixer,backend,False,scalar,ray,,POSITIONAL_OR_KEYWORD
AutoTimeMixer,callbacks,False,scalar,,,POSITIONAL_OR_KEYWORD
AutoTimeMixer,config,False,scalar,,,POSITIONAL_OR_KEYWORD
AutoTimeMixer,cpus,False,scalar,32,,POSITIONAL_OR_KEYWORD
AutoTimeMixer,gpus,False,scalar,1,,POSITIONAL_OR_KEYWORD
AutoTimeMixer,h,True,empty,,,POSITIONAL_OR_KEYWORD
AutoTimeMixer,loss,False,object,,8457c3e30e7f,POSITIONAL_OR_KEYWORD
AutoTimeMixer,n_series,True,empty,,,POSITIONAL_OR_KEYWORD
AutoTimeMixer,num_samples,False,scalar,10,,POSITIONAL_OR_KEYWORD
AutoTimeMixer,refit_with_val,False,scalar,False,,POSITIONAL_OR_KEYWORD
AutoTimeMixer,search_alg,False,object,,533e6ebe1215,POSITIONAL_OR_KEYWORD
AutoTimeMixer,valid_loss,False,scalar,,,POSITIONAL_OR_KEYWORD
AutoTimeMixer,verbose,False,scalar,False,,POSITIONAL_OR_KEYWORD
AutoTimeXer,alias,False,scalar,,,POSITIONAL_OR_KEYWORD
AutoTimeXer,backend,False,scalar,ray,,POSITIONAL_OR_KEYWORD
AutoTimeXer,callbacks,False,scalar,,,POSITIONAL_OR_KEYWORD
AutoTimeXer,config,False,scalar,,,POSITIONAL_OR_KEYWORD
AutoTimeXer,cpus,False,scalar,32,,POSITIONAL_OR_KEYWORD
AutoTimeXer,gpus,False,scalar,1,,POSITIONAL_OR_KEYWORD
AutoTimeXer,h,True,empty,,,POSITIONAL_OR_KEYWORD
AutoTimeXer,loss,False,object,,8457c3e30e7f,POSITIONAL_OR_KEYWORD
AutoTimeXer,n_series,True,empty,,,POSITIONAL_OR_KEYWORD
AutoTimeXer,num_samples,False,scalar,10,,POSITIONAL_OR_KEYWORD
AutoTimeXer,refit_with_val,False,scalar,False,,POSITIONAL_OR_KEYWORD
AutoTimeXer,search_alg,False,object,,533e6ebe1215,POSITIONAL_OR_KEYWORD
AutoTimeXer,valid_loss,False,scalar,,,POSITIONAL_OR_KEYWORD
AutoTimeXer,verbose,False,scalar,False,,POSITIONAL_OR_KEYWORD
AutoTimesNet,alias,False,scalar,,,POSITIONAL_OR_KEYWORD
AutoTimesNet,backend,False,scalar,ray,,POSITIONAL_OR_KEYWORD
AutoTimesNet,callbacks,False,scalar,,,POSITIONAL_OR_KEYWORD
AutoTimesNet,config,False,scalar,,,POSITIONAL_OR_KEYWORD
AutoTimesNet,cpus,False,scalar,32,,POSITIONAL_OR_KEYWORD
AutoTimesNet,gpus,False,scalar,1,,POSITIONAL_OR_KEYWORD
AutoTimesNet,h,True,empty,,,POSITIONAL_OR_KEYWORD
AutoTimesNet,loss,False,object,,8457c3e30e7f,POSITIONAL_OR_KEYWORD
AutoTimesNet,num_samples,False,scalar,10,,POSITIONAL_OR_KEYWORD
AutoTimesNet,refit_with_val,False,scalar,False,,POSITIONAL_OR_KEYWORD
AutoTimesNet,search_alg,False,object,,533e6ebe1215,POSITIONAL_OR_KEYWORD
AutoTimesNet,valid_loss,False,scalar,,,POSITIONAL_OR_KEYWORD
AutoTimesNet,verbose,False,scalar,False,,POSITIONAL_OR_KEYWORD
AutoVanillaTransformer,alias,False,scalar,,,POSITIONAL_OR_KEYWORD
AutoVanillaTransformer,backend,False,scalar,ray,,POSITIONAL_OR_KEYWORD
AutoVanillaTransformer,callbacks,False,scalar,,,POSITIONAL_OR_KEYWORD
AutoVanillaTransformer,config,False,scalar,,,POSITIONAL_OR_KEYWORD
AutoVanillaTransformer,cpus,False,scalar,32,,POSITIONAL_OR_KEYWORD
AutoVanillaTransformer,gpus,False,scalar,1,,POSITIONAL_OR_KEYWORD
AutoVanillaTransformer,h,True,empty,,,POSITIONAL_OR_KEYWORD
AutoVanillaTransformer,loss,False,object,,8457c3e30e7f,POSITIONAL_OR_KEYWORD
AutoVanillaTransformer,num_samples,False,scalar,10,,POSITIONAL_OR_KEYWORD
AutoVanillaTransformer,refit_with_val,False,scalar,False,,POSITIONAL_OR_KEYWORD
AutoVanillaTransformer,search_alg,False,object,,533e6ebe1215,POSITIONAL_OR_KEYWORD
AutoVanillaTransformer,valid_loss,False,scalar,,,POSITIONAL_OR_KEYWORD
AutoVanillaTransformer,verbose,False,scalar,False,,POSITIONAL_OR_KEYWORD
AutoiTransformer,alias,False,scalar,,,POSITIONAL_OR_KEYWORD
AutoiTransformer,backend,False,scalar,ray,,POSITIONAL_OR_KEYWORD
AutoiTransformer,callbacks,False,scalar,,,POSITIONAL_OR_KEYWORD
AutoiTransformer,config,False,scalar,,,POSITIONAL_OR_KEYWORD
AutoiTransformer,cpus,False,scalar,32,,POSITIONAL_OR_KEYWORD
AutoiTransformer,gpus,False,scalar,1,,POSITIONAL_OR_KEYWORD
AutoiTransformer,h,True,empty,,,POSITIONAL_OR_KEYWORD
AutoiTransformer,loss,False,object,,8457c3e30e7f,POSITIONAL_OR_KEYWORD
AutoiTransformer,n_series,True,empty,,,POSITIONAL_OR_KEYWORD
AutoiTransformer,num_samples,False,scalar,10,,POSITIONAL_OR_KEYWORD
AutoiTransformer,refit_with_val,False,scalar,False,,POSITIONAL_OR_KEYWORD
AutoiTransformer,search_alg,False,object,,533e6ebe1215,POSITIONAL_OR_KEYWORD
AutoiTransformer,valid_loss,False,scalar,,,POSITIONAL_OR_KEYWORD
AutoiTransformer,verbose,False,scalar,False,,POSITIONAL_OR_KEYWORD
AutoxLSTM,alias,False,scalar,,,POSITIONAL_OR_KEYWORD
AutoxLSTM,backend,False,scalar,ray,,POSITIONAL_OR_KEYWORD
AutoxLSTM,callbacks,False,scalar,,,POSITIONAL_OR_KEYWORD
AutoxLSTM,config,False,scalar,,,POSITIONAL_OR_KEYWORD
AutoxLSTM,cpus,False,scalar,32,,POSITIONAL_OR_KEYWORD
AutoxLSTM,gpus,False,scalar,1,,POSITIONAL_OR_KEYWORD
AutoxLSTM,h,True,empty,,,POSITIONAL_OR_KEYWORD
AutoxLSTM,loss,False,object,,8457c3e30e7f,POSITIONAL_OR_KEYWORD
AutoxLSTM,num_samples,False,scalar,10,,POSITIONAL_OR_KEYWORD
AutoxLSTM,refit_with_val,False,scalar,False,,POSITIONAL_OR_KEYWORD
AutoxLSTM,search_alg,False,object,,533e6ebe1215,POSITIONAL_OR_KEYWORD
AutoxLSTM,valid_loss,False,scalar,,,POSITIONAL_OR_KEYWORD
AutoxLSTM,verbose,False,scalar,False,,POSITIONAL_OR_KEYWORD
